,url
0,https://www.facebook.com/katiestarksblog
1,https://www.facebook.com/Tinyhearts3D
2,https://www.facebook.com/contentmachineguys
3,https://www.facebook.com/babynamesdotcom
4,https://www.facebook.com/xandnae
5,https://www.facebook.com/profile.php?id=100091482122899
6,https://www.facebook.com/babiesamore.love
7,https://www.facebook.com/EloRoseDiagnosticUltrasound
8,https://www.facebook.com/profile.php?id=100094698281653
9,https://www.facebook.com/POPSUGAR
10,https://www.facebook.com/PrivateUltrasound
11,https://www.facebook.com/katherinevessphotography
12,https://www.facebook.com/natasha4D.Ultrasound
13,https://www.facebook.com/Graco
14,https://www.facebook.com/Nanobebe
15,https://www.facebook.com/MacKIDNational
16,https://www.facebook.com/SeventhGenerationUS
17,https://www.facebook.com/@BellyBanditUSA/
18,https://www.facebook.com/homehardwarestores
19,https://www.facebook.com/clarissamariephotos
20,https://www.facebook.com/seekairun
21,https://www.facebook.com/bfmamatalk
22,https://www.facebook.com/OwletBabyMonitors
23,https://www.facebook.com/atfirstglanceultrasound
24,https://www.facebook.com/loveyoufoureverblog
25,https://www.facebook.com/LoveMrsMommy
26,https://www.facebook.com/GrtPretenders
27,https://www.facebook.com/@UPPAbaby/
28,https://www.facebook.com/BOB.Strollers
29,https://www.facebook.com/sneakpeektest
30,https://www.facebook.com/VivaVeltoro
31,https://www.facebook.com/SmartBottoms
32,https://www.facebook.com/ASparkleOfGenius
33,https://www.facebook.com/gogreentones
34,https://www.facebook.com/MagicSleepsuit
35,https://www.facebook.com/FamilyTreeMidwiferyCare
36,https://www.facebook.com/UnbuckleMe
37,https://www.facebook.com/kiindellc
38,https://www.facebook.com/dionoUSA
39,https://www.facebook.com/@ThriftyNiftyMommy/
40,https://www.facebook.com/makemybellyfit
41,https://www.facebook.com/Kalencom
42,https://www.facebook.com/insurancecoveredbreastpumps
43,https://www.facebook.com/profile.php?id=100079808198229
44,https://www.facebook.com/Scan3D4DMalaysia
45,https://www.facebook.com/profile.php?id=100071130972033
46,https://www.facebook.com/BabyViewing.Photography
47,https://www.facebook.com/Heavenly3D4D
48,https://www.facebook.com/BrightBabyPhotography
49,https://www.facebook.com/The4DUltrasoundLady
50,https://www.facebook.com/sweetpea4d
51,https://www.facebook.com/prenatalitalia
52,https://www.facebook.com/BF4DUltrasound
53,https://www.facebook.com/prenataluniverse
54,https://www.facebook.com/mommyandme3d4d
55,https://www.facebook.com/babysdebutnewyork
56,https://www.facebook.com/babysfirstimages
57,https://www.facebook.com/ohbabyultrasound
58,https://www.facebook.com/MYMChesterfield
59,https://www.facebook.com/4dultrasoundphography
60,https://www.facebook.com/PrenatalPeekSantaRosa
61,https://www.facebook.com/@SweetPeaImagery/
62,https://www.facebook.com/ALittleInsight3D4DUltrasound
63,https://www.facebook.com/ShowandTellSA
64,https://www.facebook.com/willowbabyphotographyinwillowglen
65,https://www.facebook.com/my4dmoments
66,https://www.facebook.com/4DBabyWaves
67,https://www.facebook.com/EllyPhotoBaby
68,https://www.facebook.com/Scanbabies
69,https://www.facebook.com/invision3Dbaby
70,https://www.facebook.com/profile.php?id=100054359418277
71,https://www.facebook.com/CreativeUltrasoundImagingTraining
72,https://www.facebook.com/VegasBabyPhotography
73,https://www.facebook.com/LifetimeWomensHealthcare
74,https://www.facebook.com/DrMelbaBerbano.FindaTopDoc
75,https://www.facebook.com/anticipationultrasoundokc
76,https://www.facebook.com/DoctorLevine
77,https://www.facebook.com/lifescript.health
78,https://www.facebook.com/kpihealthcareindia
79,https://www.facebook.com/BabyVisionUltrasound
80,https://www.facebook.com/pregnancymag
81,https://www.facebook.com/FirstExpressionsUltrasound
82,https://www.facebook.com/3DBabyGastonia
83,https://www.facebook.com/hellolittleone3d
84,https://www.facebook.com/UltrasoundTechnologists
85,https://www.facebook.com/BellyBellyBaby
86,https://www.facebook.com/UltrasoundDirect.southcoast
87,https://www.facebook.com/uniqueultrasound
88,https://www.facebook.com/MyBabyYoullBe4d
89,https://www.facebook.com/SweetBeginnings4D
90,https://www.facebook.com/SacramentoUltrasoundInstitute
91,https://www.facebook.com/MommaChiWellness
92,https://www.facebook.com/ClearviewUltrasound
93,https://www.facebook.com/3D4DUltrasoundby4DSpecialDeliveryUpland
94,https://www.facebook.com/ultrasound.ie
95,https://www.facebook.com/baby3Dultrasound
96,https://www.facebook.com/rosemarydelgadomd
97,https://www.facebook.com/HighDefinition3DUltrasound
98,https://www.facebook.com/FetalFlix.Gainesville
99,https://www.facebook.com/DrKamaliOBGYN
100,https://www.facebook.com/firstlooknola
101,https://www.facebook.com/AdorableBabyUltraSound
102,https://www.facebook.com/mothernurtureultrasound
103,https://www.facebook.com/sandiegoperinatology
104,https://www.facebook.com/birthwithoutfear
105,https://www.facebook.com/FetalFlix
106,https://www.facebook.com/@sophiefletcherauthor/
107,https://www.facebook.com/babybloom4d
108,https://www.facebook.com/ultrasoundoftheweek
109,https://www.facebook.com/PancitasSpa
110,https://www.facebook.com/@TheBumpValdosta/
111,https://www.facebook.com/babymomentsultrasound
112,https://www.facebook.com/Firstimpressions3dultrasound
113,https://www.facebook.com/prenatalvision
114,https://www.facebook.com/aglimpsebeforeandafterultrasound
115,https://www.facebook.com/Fairbanksultrasound
116,https://www.facebook.com/newcastleultrasound
117,https://www.facebook.com/Babypictures
118,https://www.facebook.com/pacemaker.usg
119,https://www.facebook.com/PregnantSeeInc
120,https://www.facebook.com/profile.php?id=100063625388600
121,https://www.facebook.com/babymoonultrasound
122,https://www.facebook.com/zedunow
123,https://www.facebook.com/bellyimage
124,https://www.facebook.com/firstviewhdultrasound
125,https://www.facebook.com/ClearSightUltrasoundVA
126,https://www.facebook.com/babyproofsultrasound
127,https://www.facebook.com/ultrasoundscan
128,https://www.facebook.com/UltrasoundServicesLLc
129,https://www.facebook.com/@babyultrasoundclinic/
130,https://www.facebook.com/3D4DUltrasoundSanBernardinoCalifornia
131,https://www.facebook.com/profile.php?id=100058972425191
132,https://www.facebook.com/bkultrasound
133,https://www.facebook.com/@GoldenviewUltrasound/
134,https://www.facebook.com/NewLifeUltrasound
135,https://www.facebook.com/TheUltrasoundExperience
136,https://www.facebook.com/USDNorthernIreland
137,https://www.facebook.com/UltrasoundNorth
138,https://www.facebook.com/BellyLoveSpa
139,https://www.facebook.com/BabyBumpBabysBungalow
140,https://www.facebook.com/ultrasounddirectessex
141,https://www.facebook.com/mommyandme3d4dhd
142,https://www.facebook.com/profile.php?id=100080681921894
143,https://www.facebook.com/FetalHealth
144,https://www.facebook.com/APPPAH
145,https://www.facebook.com/WombsWindowNC
146,https://www.facebook.com/@PrenatalYogaCenter/
147,https://www.facebook.com/LifebankUSA
148,https://www.facebook.com/SocietyforMaternalFetalMedicine
149,https://www.facebook.com/sneakpeek4d
150,https://www.facebook.com/bangalorefetalmedicine
151,https://www.facebook.com/fetalmedicineindia
152,https://www.facebook.com/MerrionUltrasound
153,https://www.facebook.com/FDIPHawaii
154,https://www.facebook.com/fetalcareksa
155,https://www.facebook.com/fetalbeats
156,https://www.facebook.com/fetalcaresanluis
157,https://www.facebook.com/fmfindia
158,https://www.facebook.com/expectations.ultrasound
159,https://www.facebook.com/lexingtonfetalphotography
160,https://www.facebook.com/fetaldocs
161,https://www.facebook.com/valleyperinatal
162,https://www.facebook.com/fetalcare.ro
163,https://www.facebook.com/sneakapeek3d4dultrasound
164,https://www.facebook.com/fetalmed.md
165,https://www.facebook.com/MeetYourMiracleLLC
166,https://www.facebook.com/ultrasonafetalfotos
167,https://www.facebook.com/babygramimaging
168,https://www.facebook.com/CenterForFetalMedicine
169,https://www.facebook.com/sneakapeekmobile
170,https://www.facebook.com/PrenatDiagnJournal
171,https://www.facebook.com/Fetal4D
172,https://www.facebook.com/profile.php?id=100054442361412
173,https://www.facebook.com/FetalExpressions
174,https://www.facebook.com/fetalwoman
175,https://www.facebook.com/mybabyyoullbe3d
176,https://www.facebook.com/GinecologosenChiapas
177,https://www.facebook.com/fetalmed
178,https://www.facebook.com/valleyperinatal.phoenix
179,https://www.facebook.com/bellybumpsandbabies
180,https://www.facebook.com/midwifeassociates
181,https://www.facebook.com/OBGYN.Point
182,https://www.facebook.com/profile.php?id=100064129921412
183,https://www.facebook.com/obgynassociatesadvantia
184,https://www.facebook.com/advancedobgyn
185,https://www.facebook.com/@RNV.OBGYN/
186,https://www.facebook.com/BellyBumpDoulaColorado
187,https://www.facebook.com/OBGALSLANCASTER
188,https://www.facebook.com/OBGYNPhoenix
189,https://www.facebook.com/GulfportOBGYN
190,https://www.facebook.com/Gardenobgyn
191,https://www.facebook.com/genobgyn
192,https://www.facebook.com/DrStuartFischbein
193,https://www.facebook.com/obgynsouth
194,https://www.facebook.com/maximosobgyn
195,https://www.facebook.com/novanthealthcitylakeobgyn
196,https://www.facebook.com/profile.php?id=100057608883330
197,https://www.facebook.com/HealthForWomenNRV
198,https://www.facebook.com/midsouthobgyntn
199,https://www.facebook.com/coastalcarolinaobgyn
200,https://www.facebook.com/OBGYNLtd
201,https://www.facebook.com/ContempOBGYN
202,https://www.facebook.com/CompOBGYNMcKinney
203,https://www.facebook.com/AthensOBGYN
204,https://www.facebook.com/StoryofThisLife
205,https://www.facebook.com/GreystoneOBGYN
206,https://www.facebook.com/rockthebumpbellycasting
207,https://www.facebook.com/panhandleobgyn
208,https://www.facebook.com/MobileObGynPc
209,https://www.facebook.com/profile.php?id=100078310366950
210,https://www.facebook.com/profile.php?id=100070546239772
211,https://www.facebook.com/ShivamSonographyColourDopplerCentreRajkot
212,https://www.facebook.com/valleyperinatal.gateway
213,https://www.facebook.com/WhatsUpMoms
214,https://www.facebook.com/@thepregoexpo/
215,https://www.facebook.com/bump.painting.fr
216,https://www.facebook.com/profile.php?id=100067936842272
217,https://www.facebook.com/Babble
218,https://www.facebook.com/123sonography
219,https://www.facebook.com/foreverbumps
220,https://www.facebook.com/dr.saedimic
221,https://www.facebook.com/BellyBumpBoutique
222,https://www.facebook.com/profile.php?id=100065152854991
223,https://www.facebook.com/Netmums
224,https://www.facebook.com/momcenter.ph
225,https://www.facebook.com/SDMS3
226,https://www.facebook.com/profile.php?id=100064729535123
227,https://www.facebook.com/PMChat
228,https://www.facebook.com/BabyBumpsToBareBellies
229,https://www.facebook.com/TheARDMS
230,https://www.facebook.com/Ultrasonography
231,https://www.facebook.com/IFSER
232,https://www.facebook.com/firstlooksonogram
233,https://www.facebook.com/babysbabble
234,https://www.facebook.com/bellybumpplanners
235,https://www.facebook.com/SonographyNow
236,https://www.facebook.com/sonographysolutions
237,https://www.facebook.com/JCCGeneralSonographyProgram
238,https://www.facebook.com/SonographyProgram
239,https://www.facebook.com/profile.php?id=100057643982113
240,https://www.facebook.com/joyofmom
241,https://www.facebook.com/profile.php?id=100024395165212
242,https://www.facebook.com/profile.php?id=100079732914601
243,https://www.facebook.com/mumkido
244,https://www.facebook.com/peaceloveandbreastfeeding
245,https://www.facebook.com/stonermommy
246,https://www.facebook.com/elcentrodiagnosticmedicalsonography
247,https://www.facebook.com/profile.php?id=100067913534107
248,https://www.facebook.com/mlostore
249,https://www.facebook.com/BabyCenter
250,https://www.facebook.com/parents
251,https://www.facebook.com/3D4DULTRASOUNDS
252,https://www.facebook.com/everymum.ie
253,https://www.facebook.com/babygaga
254,https://www.facebook.com/PrimeDiagnosticImaging
255,https://www.facebook.com/momslittledragon
256,https://www.facebook.com/pgomg
257,https://www.facebook.com/@mybaby4d/
258,https://www.facebook.com/wyofamsono
259,https://www.facebook.com/FullCircleJax
260,https://www.facebook.com/profile.php?id=100063653164386
261,https://www.facebook.com/PinkShutterPhoto
262,https://www.facebook.com/ZouvesFertilityCenter
263,https://www.facebook.com/littlestarultrasound
264,https://www.facebook.com/wombsview
265,https://www.facebook.com/SneakPeekStudios
266,https://www.facebook.com/profile.php?id=100057530675509
267,https://www.facebook.com/afdmsschoolhouse
268,https://www.facebook.com/profile.php?id=100057085075015
269,https://www.facebook.com/FirstLookUltrasoundHawaii
270,https://www.facebook.com/TheLeakyBoob
271,https://www.facebook.com/ilovebeingamomcafemom
272,https://www.facebook.com/MyFirstFoto
273,https://www.facebook.com/SocialMom
274,https://www.facebook.com/mypreciouscargo2010
275,https://www.facebook.com/FeelKahlmi
276,https://www.facebook.com/WhatToExpectMovie
277,https://www.facebook.com/qualitymobileultrasound
278,https://www.facebook.com/4DMoments
279,https://www.facebook.com/@BFULTRASOUND/
280,https://www.facebook.com/kellymomdotcom
281,https://www.facebook.com/StorkVisionOmaha
282,https://www.facebook.com/photographybydianamarie
283,https://www.facebook.com/phdinparenting
284,https://www.facebook.com/storkvisionschaumburg
285,https://www.facebook.com/bowsrbowties
286,https://www.facebook.com/StorkVisionWF
287,https://www.facebook.com/storkvisionthewoodlands
288,https://www.facebook.com/@babyenvision4d/
289,https://www.facebook.com/profile.php?id=100063680403089
290,https://www.facebook.com/TheBabyConnection3d
291,https://www.facebook.com/StorkVisionNorthernKentucky
292,https://www.facebook.com/MyFirstPeekabooVentura
293,https://www.facebook.com/BabyBoundUltrasound
294,https://www.facebook.com/sweetcheeks4d
295,https://www.facebook.com/storkvisioncovington
296,https://www.facebook.com/storkvision
297,https://www.facebook.com/PeekABooMommy
298,https://www.facebook.com/mommyandme4d
299,https://www.facebook.com/southernmomsofacadiana
300,https://www.facebook.com/CastletonUlstrasound
301,https://www.facebook.com/@SneakAPeekLLC/
302,https://www.facebook.com/thebellyfactory
303,https://www.facebook.com/StorkVisionArlington
304,https://www.facebook.com/MPM4D
305,https://www.facebook.com/pregnantchicken
306,https://www.facebook.com/profile.php?id=100043465616992
307,https://www.facebook.com/StorkVision3D4DUltrasoundGrapevine
308,https://www.facebook.com/profile.php?id=100078460930275
309,https://www.facebook.com/SweetBabyImagingofTN
310,https://www.facebook.com/PeekABooImaging
311,https://www.facebook.com/TheInsideStoryUltrasound
312,https://www.facebook.com/Pensacola4DPeekaBoo
313,https://www.facebook.com/livingimg
314,https://www.facebook.com/PregnancyTreasures
315,https://www.facebook.com/4dultrasound
316,https://www.facebook.com/pictureperfect3d4d
317,https://www.facebook.com/Hellobabyus
318,https://www.facebook.com/prenatalultrasounds
319,https://www.facebook.com/MomsToBeUltrasound
320,https://www.facebook.com/atfirstsight3d4d
321,https://www.facebook.com/LittleMiraclesImaging
322,https://www.facebook.com/newlife4d
323,https://www.facebook.com/sweetmiracles3D4D
324,https://www.facebook.com/innerreflections3d4d
325,https://www.facebook.com/advancedultrasoundservices
326,https://www.facebook.com/thebumpstudio
327,https://www.facebook.com/previewultrasound
328,https://www.facebook.com/newmiraclesultrasounds
329,https://www.facebook.com/profile.php?id=100057304935957
330,https://www.facebook.com/MeetTheBabyUltrasound
331,https://www.facebook.com/babylove3d
332,https://www.facebook.com/MeetTheBabyBrandonFl
333,https://www.facebook.com/4DPeanutGallery
334,https://www.facebook.com/profile.php?id=100046368776200
335,https://www.facebook.com/profile.php?id=100046226302067
336,https://www.facebook.com/babyskickin
337,https://www.facebook.com/LittleLifeImaging
338,https://www.facebook.com/sonosmile3d
339,https://www.facebook.com/profile.php?id=100089712731150
340,https://www.facebook.com/3D4DinBronx
341,https://www.facebook.com/mylittlebaby4d
342,https://www.facebook.com/tinyportraits
343,https://www.facebook.com/3D4DinManhattan
344,https://www.facebook.com/3d4dofqueens
345,https://www.facebook.com/profile.php?id=100066390255064
346,https://www.facebook.com/SneakAPeekUltrasoundSpecialists
347,https://www.facebook.com/cherishedmemoriesultrasoundllc
348,https://www.facebook.com/babysbungalow
349,https://www.facebook.com/labellabelly
350,https://www.facebook.com/babyspremiereultrasound
351,https://www.facebook.com/AnEarlyPeekUltrasound
352,https://www.facebook.com/heybaby4d
353,https://www.facebook.com/HeavenlyImaging
354,https://www.facebook.com/BondBeforeBirth
355,https://www.facebook.com/Peekaboobaby3D4DultrasoundNJ
356,https://www.facebook.com/NowShowingUltrasoundCenter
357,https://www.facebook.com/MiracleInSight3D4DPrenatalUltrasound
358,https://www.facebook.com/love.at.first.sight.4dnj
359,https://www.facebook.com/wombservice3d4d
360,https://www.facebook.com/babypix3d
361,https://www.facebook.com/Precious.Previews.Ultrasound
362,https://www.facebook.com/BabiesandBelliesUltrasound
363,https://www.facebook.com/MiraclesInTheMaking3D4DUltrasound
364,https://www.facebook.com/thepregnancystudio
365,https://www.facebook.com/littlebopeepultrasound
366,https://www.facebook.com/firstglance4dimaging
367,https://www.facebook.com/3DMaternity
368,https://www.facebook.com/atinyperspective
369,https://www.facebook.com/PerfectPreviewUltrasound
370,https://www.facebook.com/CarnegieImaging
371,https://www.facebook.com/profile.php?id=100040326258622
372,https://www.facebook.com/thehealingoasistx
373,https://www.facebook.com/PicturePerfectNY
374,https://www.facebook.com/VisionsOfLoveUltrasound
375,https://www.facebook.com/Willowrose4d
376,https://www.facebook.com/northridgehospital
377,https://www.facebook.com/profile.php?id=100064002222075
378,https://www.facebook.com/myfirstimagetucson
379,https://www.facebook.com/babyglimpsescs
380,https://www.facebook.com/Littleblessings4dlasvegas
381,https://www.facebook.com/3dkeepsakeimaging
382,https://www.facebook.com/firstglimpseultrasound
383,https://www.facebook.com/lifetimeimaging
384,https://www.facebook.com/seewhoskickin3d4d
385,https://www.facebook.com/FirstVuImaging
386,https://www.facebook.com/UltraviewImaging
387,https://www.facebook.com/heybaby3Dultrasound
388,https://www.facebook.com/profile.php?id=100063481960025
389,https://www.facebook.com/prenatalpremiere
390,https://www.facebook.com/MICHIGANINSTITUTEOFOBGYN
391,https://www.facebook.com/3dBabyKisses
392,https://www.facebook.com/yourreflectionmystyle
393,https://www.facebook.com/miracleviewultrasound
394,https://www.facebook.com/Enlightened4DImaging
395,https://www.facebook.com/@bloomingbabyultrasound/
396,https://www.facebook.com/seemybabyultrasound
397,https://www.facebook.com/firstglimpse3d4d
398,https://www.facebook.com/WomensMedicalCenterOfClovis
399,https://www.facebook.com/vegasbaby4dus
400,https://www.facebook.com/TheUltrasoundSolution
401,https://www.facebook.com/sneakapeekultrasound
402,https://www.facebook.com/prenatalpeek3d4d
403,https://www.facebook.com/DiagnosticImagingAssociates
404,https://www.facebook.com/PureViewUltrasound
405,https://www.facebook.com/profile.php?id=100066923043850
406,https://www.facebook.com/Stork4dImagingStudio
407,https://www.facebook.com/babysightings
408,https://www.facebook.com/HelloBaby4dscan
409,https://www.facebook.com/bumptobabyscotland
410,https://www.facebook.com/mollycardwellfitness
411,https://www.facebook.com/babysimage3d
412,https://www.facebook.com/BabyBump4D
413,https://www.facebook.com/babyglimpses
414,https://www.facebook.com/babydimensions
415,https://www.facebook.com/bijouxsailawayjewellery
416,https://www.facebook.com/profile.php?id=100063803850185
417,https://www.facebook.com/americanradiologyservices
418,https://www.facebook.com/cloudnine4d
419,https://www.facebook.com/HiMoM.co.uk
420,https://www.facebook.com/firstglimpse4d
421,https://www.facebook.com/4DImagingLLC
422,https://www.facebook.com/WombInBloom
423,https://www.facebook.com/earlyimages
424,https://www.facebook.com/godscreationin4d
425,https://www.facebook.com/firstencountersultrasound
426,https://www.facebook.com/blissfulbabyultrasound
427,https://www.facebook.com/profile.php?id=100063537371455
428,https://www.facebook.com/clinicaldiagnosticservices
429,https://www.facebook.com/FairhopeGynecologyandObstetrics
430,https://www.facebook.com/NewBeginnings3D
431,https://www.facebook.com/ImageOfAMiracle
432,https://www.facebook.com/profile.php?id=100057698731859
433,https://www.facebook.com/BabesintheWomb
434,https://www.facebook.com/advanced.sonograms
435,https://www.facebook.com/peekatbabyokc
436,https://www.facebook.com/monroefirstglimpse
437,https://www.facebook.com/littlebeginnings4d
438,https://www.facebook.com/InsideViewUtrasound
439,https://www.facebook.com/4dSonoImage
440,https://www.facebook.com/ultrasoundsearch
441,https://www.facebook.com/bbabybump4dstudio
442,https://www.facebook.com/3D4DUltrasoundSanGabrielValley
443,https://www.facebook.com/qulbaby
444,https://www.facebook.com/babyviewpickering
445,https://www.facebook.com/3D4DUltrasoundLosAngeles
446,https://www.facebook.com/BabiesFirstUltrasound
447,https://www.facebook.com/watchmegrowstudio
448,https://www.facebook.com/windowtothewomb
449,https://www.facebook.com/bbpreciousultrasound
450,https://www.facebook.com/profile.php?id=100063983292008
451,https://www.facebook.com/BabyFlix
452,https://www.facebook.com/RevealUltrasound
453,https://www.facebook.com/TheNestOKC
454,https://www.facebook.com/SouthCarolinaBabyPhotography
455,https://www.facebook.com/dopplerbaby.am
456,https://www.facebook.com/electiveultrasoundexperts
457,https://www.facebook.com/sweetpeaimagery3t
458,https://www.facebook.com/videoprenatal3dultrasound
459,https://www.facebook.com/babyblessings3dultrasound
460,https://www.facebook.com/profile.php?id=100063542205194
461,https://www.facebook.com/lakecityultrasoundandphotography
462,https://www.facebook.com/uniqueultrasoundredlands
463,https://www.facebook.com/PLI3D
464,https://www.facebook.com/ShoMe4DPrenatalImaging
465,https://www.facebook.com/CPIUltrasound
466,https://www.facebook.com/wombinbloom4d
467,https://www.facebook.com/LoveAtFirstBump
468,https://www.facebook.com/meetyourbaby3d
469,https://www.facebook.com/3Dbabyboutique
470,https://www.facebook.com/UltrasoundTrainers
471,https://www.facebook.com/loveatfirstsightultrasound
472,https://www.facebook.com/ImagingandUltrasoundInc
473,https://www.facebook.com/Peekabump
474,https://www.facebook.com/keepsakeimagingstudio
475,https://www.facebook.com/sweetpeek3dultrasounds
476,https://www.facebook.com/babyinthebelly4d
477,https://www.facebook.com/adorababy3D4D
478,https://www.facebook.com/hideandseekprenatalpeek
479,https://www.facebook.com/profile.php?id=100081236876593
480,https://www.facebook.com/profile.php?id=100069136554081
481,https://www.facebook.com/profile.php?id=100068980873812
482,https://www.facebook.com/prenatalpeeksangabriel
483,https://www.facebook.com/PrenatalPeekSB
484,https://www.facebook.com/isuog.org
485,https://www.facebook.com/floridaultrasounds
486,https://www.facebook.com/BabyviewUltrasounds
487,https://www.facebook.com/FetalMemories2d3d4dUltrasound
488,https://www.facebook.com/3D4DUltrasoundby4DSpecialDeliveryWhittier
489,https://www.facebook.com/InnerView.Ultrasound
490,https://www.facebook.com/Iseeyou3D
491,https://www.facebook.com/3D4DUltrasoundPalmSprings
492,https://www.facebook.com/sonohealthultrasound
493,https://www.facebook.com/GoldenViewUltrasoundBoston
494,https://www.facebook.com/www.baby3d.net
495,https://www.facebook.com/ClinicaFamiliaryPrenatal
496,https://www.facebook.com/profile.php?id=100063612159085
497,https://www.facebook.com/profile.php?id=100063596149922
498,https://www.facebook.com/3D4Dmobileultrasound
499,https://www.facebook.com/newleafhd
500,https://www.facebook.com/pinkablueultrasound
501,https://www.facebook.com/GoldenviewUltrasound3DChicago
502,https://www.facebook.com/BonjourBabyUltrasound
503,https://www.facebook.com/firstglimpse3d4dultrasound
504,https://www.facebook.com/babyblessingultrasoundstudio
505,https://www.facebook.com/storkvisiontexarkana
506,https://www.facebook.com/4dultrasoundscan.za
507,https://www.facebook.com/profile.php?id=100051250340251
508,https://www.facebook.com/Cherished4DUltrasound
509,https://www.facebook.com/SneakAPeek4dultrasound
510,https://www.facebook.com/ultrasoundcareaustralia
511,https://www.facebook.com/punkinpatch4d
512,https://www.facebook.com/BrightBeginningsUltrasound
513,https://www.facebook.com/profile.php?id=100083388494305
514,https://www.facebook.com/profile.php?id=100083267692173
515,https://www.facebook.com/4dbondingvic
516,https://www.facebook.com/profile.php?id=100072136206974
517,https://www.facebook.com/torontoultrasound
518,https://www.facebook.com/profile.php?id=100070210602737
519,https://www.facebook.com/DiagnosticUltrasound
520,https://www.facebook.com/profile.php?id=100069489777301
521,https://www.facebook.com/theultrasoundclinic
522,https://www.facebook.com/profile.php?id=100068847949034
523,https://www.facebook.com/sonicimagingultrasoundtesting
524,https://www.facebook.com/profile.php?id=100064605642737
525,https://www.facebook.com/4dbabymaeimage
526,https://www.facebook.com/profile.php?id=100063926333618
527,https://www.facebook.com/profile.php?id=100063859790626
528,https://www.facebook.com/omgbabylol
529,https://www.facebook.com/alphaprofessionalimaging
530,https://www.facebook.com/globalmskcourse
531,https://www.facebook.com/profile.php?id=100063651924009
532,https://www.facebook.com/drBhallaimagingPrecisionScan
533,https://www.facebook.com/AllUltrasound
534,https://www.facebook.com/UltrasoundImagingEducationNZ
535,https://www.facebook.com/MindrayNorthAmerica
536,https://www.facebook.com/olivebranchdiagnosticimaging
537,https://www.facebook.com/babylovehd
538,https://www.facebook.com/profile.php?id=100063488265928
539,https://www.facebook.com/earlystagesimaging
540,https://www.facebook.com/profile.php?id=100057637682276
541,https://www.facebook.com/@MusculoskeletalUltrasound/
542,https://www.facebook.com/kathmanduultrasoundclinic
543,https://www.facebook.com/AdvancedImagingUltrasound
544,https://www.facebook.com/profile.php?id=100054407175215
545,https://www.facebook.com/profile.php?id=100054375348095
546,https://www.facebook.com/pureimageultrasound
547,https://www.facebook.com/tummyvision
548,https://www.facebook.com/LittleAngels3D4D
549,https://www.facebook.com/Bellybeanimaging
550,https://www.facebook.com/SneakAPeek3D4DultrasoundsHouston
551,https://www.facebook.com/cityimagingultrasoundforwomen
552,https://www.facebook.com/cdaultrasound
553,https://www.facebook.com/profile.php?id=100081521573846
554,https://www.facebook.com/jeanneluxtravel
555,https://www.facebook.com/KPSAHSCardiacSonography
556,https://www.facebook.com/profile.php?id=100070906436643
557,https://www.facebook.com/UltrasoundJobs
558,https://www.facebook.com/HudsonValleyUltrasound
559,https://www.facebook.com/uimgontario
560,https://www.facebook.com/profile.php?id=100068907204706
561,https://www.facebook.com/Obaby3d4d
562,https://www.facebook.com/profile.php?id=100068266350228
563,https://www.facebook.com/alookwithin
564,https://www.facebook.com/Kemper.MD
565,https://www.facebook.com/sweetbelly3d
566,https://www.facebook.com/profile.php?id=100064897214070
567,https://www.facebook.com/ACC.Sono.Programs
568,https://www.facebook.com/mybabysheartbeatbear
569,https://www.facebook.com/smalldude
570,https://www.facebook.com/SonographyCanada
571,https://www.facebook.com/profile.php?id=100064457838650
572,https://www.facebook.com/profile.php?id=100064337125656
573,https://www.facebook.com/auroraschoolofdms
574,https://www.facebook.com/IslamabadInstituteofsonography1
575,https://www.facebook.com/akfamily
576,https://www.facebook.com/Prenatalyoga
577,https://www.facebook.com/MapleMedical
578,https://www.facebook.com/WomensHealthInstituteOBGYN
579,https://www.facebook.com/1stglimpseinc
580,https://www.facebook.com/unbornimages
581,https://www.facebook.com/DrSagarPatelOBGYN
582,https://www.facebook.com/RockvilleGynecology
583,https://www.facebook.com/thebumpultrasound
584,https://www.facebook.com/allaboutbabysworld
585,https://www.facebook.com/salussonography
586,https://www.facebook.com/obstetricsonography
587,https://www.facebook.com/vidaprenatal08
588,https://www.facebook.com/UltrasoundUnlimited
589,https://www.facebook.com/4dultrasounds
590,https://www.facebook.com/profile.php?id=100071796211166
591,https://www.facebook.com/profile.php?id=100070150778016
592,https://www.facebook.com/prenatalyogawithAllison
593,https://www.facebook.com/prenatalyoga.net
594,https://www.facebook.com/profile.php?id=100068267745126
595,https://www.facebook.com/AlamedaCountyHAPI
596,https://www.facebook.com/vidaprenatalcenter
597,https://www.facebook.com/profile.php?id=100067194966515
598,https://www.facebook.com/magyoga.prenatal
599,https://www.facebook.com/PrenatalYogaClass
600,https://www.facebook.com/PrenatalTestScreening.HOPE.FAITH.LIFE
601,https://www.facebook.com/profile.php?id=100064519427182
602,https://www.facebook.com/trinatalyogaschool
603,https://www.facebook.com/repubsofcolor
604,https://www.facebook.com/tiendasprenatal
605,https://www.facebook.com/PreNatalFit
606,https://www.facebook.com/NestedMama
607,https://www.facebook.com/prenatalease
608,https://www.facebook.com/PRENATALEDUCATIONCENTER
609,https://www.facebook.com/mehriphotography
610,https://www.facebook.com/ithacadc
611,https://www.facebook.com/ShiningLightPrenatalEducation
612,https://www.facebook.com/JeannaLuriePrenatalYoga
613,https://www.facebook.com/MichelleTheRealEstateDoula
614,https://www.facebook.com/PrenatalJourney
615,https://www.facebook.com/profile.php?id=100057229971185
616,https://www.facebook.com/peaaorg
617,https://www.facebook.com/profile.php?id=100048561523832
618,https://www.facebook.com/profile.php?id=100039864533490
619,https://www.facebook.com/EnsoMamas
620,https://www.facebook.com/PerinatalDepressionSupportGroup
621,https://www.facebook.com/profile.php?id=100080943092100
622,https://www.facebook.com/tenlittletoes4D
623,https://www.facebook.com/miscarriagememorials
624,https://www.facebook.com/preggoland.tampa
625,https://www.facebook.com/PeopleParents
626,https://www.facebook.com/momdotcomofficial
627,https://www.facebook.com/tacticalbabygear
628,https://www.facebook.com/HelloLittleOne4D
629,https://www.facebook.com/miraclewomb
630,https://www.facebook.com/loveatfirstsightma
631,https://www.facebook.com/loveatfirstsighthd
632,https://www.facebook.com/babyscene1
633,https://www.facebook.com/babybumpsandbeyond4D
634,https://www.facebook.com/pontevedraultrasound
635,https://www.facebook.com/projectnursery
636,https://www.facebook.com/babylist
637,https://www.facebook.com/pnmag
638,https://www.facebook.com/TheBump
639,https://www.facebook.com/InSyncPediatricTherapy
640,https://www.facebook.com/BozemanDiagnostics
